id,company_id,year,net_profit_margin_pct,operating_profit_margin_pct,return_on_equity_pct,debt_to_equity,interest_coverage,asset_turnover,free_cash_flow_cr,capex_cr,earnings_per_share,book_value_per_share,dividend_payout_ratio_pct,total_debt_cr,cash_from_operations_cr,revenue_cagr_5yr,pat_cagr_5yr,eps_cagr_5yr,composite_quality_score,sales,net_profit,operating_profit,broad_sector,roe_score,roce_score,npm_score,fcf_score,cfo_score,revenue_score,pat_score,de_score,icr_score,composite_score,sector_composite_score
3353,ADANIPORTS,Mar 2024,30.34,58.36,15.35,0.94,5.95,0.23,8250.0,25.34,38.0,265.0,16.0,49470.0,15018.0,19.09,20.82,18.82,3.0,26711.0,8104.0,15589.0,Industrials,33.257945482680626,0,100.0,76.91837625491051,68.21473158551811,86.67157584683358,64.20692278432864,86.72691330132731,2.2001275436257175,61.62,100.0
4444,TRENT,Mar 2024,11.94,15.93,36.31,0.43,8.04,1.73,841.0,4.11,42.0,132.0,8.0,1753.0,1349.0,33.94,76.37,76.23,2.0,12375.0,1477.0,1971.0,Consumer Discretionary,95.63147244375668,0,41.746441355198534,44.57878655608904,19.457820581416087,100.0,100.0,93.92826885060717,3.2098479138887277,64.7,100.0
4068,LTIM,Mar 2024,12.91,17.98,22.9,0.1,31.93,1.29,1752.0,11.03,155.0,711.0,42.0,2071.0,5670.0,27.83,24.65,12.1,2.0,35517.0,4585.0,6387.0,Information Technology,55.72550886799189,0,45.78373428785483,48.55521606285465,34.87069734260746,100.0,78.77519969570179,98.5879695001412,14.751579801727635,59.08,77.88709458542543
3331,ADANIENT,Mar 2024,3.46,11.8,8.53,1.67,2.75,0.6,-8455.0,19.46,28.0,363.0,5.0,65310.0,10312.0,18.71,42.38,37.42,1.0,96421.0,3335.0,11377.0,Industrials,12.96274253065111,0,6.451344376924998,4.002618943692711,51.42857142857142,83.87334315169367,100.0,76.4190906523581,0.6541442015962278,37.18,42.5207152202355
4366,TATAPOWER,Mar 2024,6.97,17.47,13.23,1.66,3.05,0.44,3569.0,14.69,12.0,105.0,17.0,53689.0,12596.0,16.86,27.32,24.57,1.0,61449.0,4280.0,10735.0,Energy,26.949172717533624,0,21.060517772413217,56.486250545613274,59.57553058676655,70.25036818851252,88.93115252947888,76.56029370234397,0.7990801399114924,50.96,98.21537213546948
